,layer,pos,prob
0,0,0,0.2869948148727417
1,0,1,0.2869948148727417
2,0,2,0.2869948148727417
3,0,3,0.2502825856208801
4,0,4,0.28282585740089417
5,0,5,0.28558382391929626
6,0,6,0.2852735221385956
7,0,7,0.2879381775856018
8,0,8,0.29939937591552734
9,0,9,0.29116353392601013
10,0,10,0.2859632968902588
11,0,11,0.28641971945762634
12,0,12,0.2880200445652008
13,1,0,0.2869948148727417
14,1,1,0.2869948148727417
15,1,2,0.2869948148727417
16,1,3,0.250758558511734
17,1,4,0.2846691310405731
18,1,5,0.28574252128601074
19,1,6,0.2852473855018616
20,1,7,0.287941038608551
21,1,8,0.3007987141609192
22,1,9,0.29178330302238464
23,1,10,0.2854008972644806
24,1,11,0.28778180480003357
25,1,12,0.2881874144077301
26,2,0,0.2869948148727417
27,2,1,0.2869948148727417
28,2,2,0.2869948148727417
29,2,3,0.2507985532283783
30,2,4,0.28695806860923767
31,2,5,0.2860141694545746
32,2,6,0.2858201265335083
33,2,7,0.28876054286956787
34,2,8,0.30397629737854004
35,2,9,0.2912810742855072
36,2,10,0.2854344844818115
37,2,11,0.2879246175289154
38,2,12,0.2878815233707428
39,3,0,0.2869948148727417
40,3,1,0.2869948148727417
41,3,2,0.2869948148727417
42,3,3,0.2507123649120331
43,3,4,0.28685909509658813
44,3,5,0.2856900691986084
45,3,6,0.2864300310611725
46,3,7,0.2858707904815674
47,3,8,0.3060011565685272
48,3,9,0.2924887239933014
49,3,10,0.2844671607017517
50,3,11,0.28855735063552856
51,3,12,0.2874700725078583
52,4,0,0.2869948148727417
53,4,1,0.2869948148727417
54,4,2,0.2869948148727417
55,4,3,0.2508854866027832
56,4,4,0.28168994188308716
57,4,5,0.2863011360168457
58,4,6,0.2850062847137451
59,4,7,0.2844911217689514
60,4,8,0.3042795658111572
61,4,9,0.2922351658344269
62,4,10,0.28293195366859436
63,4,11,0.29179975390434265
64,4,12,0.2888980805873871
65,5,0,0.2869948148727417
66,5,1,0.2869948148727417
67,5,2,0.2869948148727417
68,5,3,0.2510937452316284
69,5,4,0.2793184220790863
70,5,5,0.2859334945678711
71,5,6,0.2887043356895447
72,5,7,0.2883254587650299
73,5,8,0.30593931674957275
74,5,9,0.2932332754135132
75,5,10,0.2818664312362671
76,5,11,0.29215601086616516
77,5,12,0.2905515432357788
78,6,0,0.2869948148727417
79,6,1,0.2869948148727417
80,6,2,0.2869948148727417
81,6,3,0.26420727372169495
82,6,4,0.2807445228099823
83,6,5,0.2868437170982361
84,6,6,0.28939858078956604
85,6,7,0.2893579602241516
86,6,8,0.30553531646728516
87,6,9,0.2924737334251404
88,6,10,0.28162309527397156
89,6,11,0.2925010025501251
90,6,12,0.28889429569244385
91,7,0,0.2869948148727417
92,7,1,0.2869948148727417
93,7,2,0.2869948148727417
94,7,3,0.27769801020622253
95,7,4,0.2837289571762085
96,7,5,0.2882857322692871
97,7,6,0.2901952266693115
98,7,7,0.2929430305957794
99,7,8,0.30100661516189575
100,7,9,0.2900037169456482
101,7,10,0.279788613319397
102,7,11,0.2921162247657776
103,7,12,0.2892610728740692
104,8,0,0.2869948148727417
105,8,1,0.2869948148727417
106,8,2,0.2869948148727417
107,8,3,0.23850713670253754
108,8,4,0.2878597378730774
109,8,5,0.29261720180511475
110,8,6,0.29165107011795044
111,8,7,0.2912416458129883
112,8,8,0.2991369366645813
113,8,9,0.2895773649215698
114,8,10,0.28201159834861755
115,8,11,0.2909558415412903
116,8,12,0.2866073250770569
117,9,0,0.2869948148727417
118,9,1,0.2869948148727417
119,9,2,0.2869948148727417
120,9,3,0.2159574031829834
121,9,4,0.284726083278656
122,9,5,0.2929627597332001
123,9,6,0.29215100407600403
124,9,7,0.2901519536972046
125,9,8,0.2983359694480896
126,9,9,0.28849515318870544
127,9,10,0.28241783380508423
128,9,11,0.29039815068244934
129,9,12,0.28745755553245544
130,10,0,0.2869948148727417
131,10,1,0.2869948148727417
132,10,2,0.2869948148727417
133,10,3,0.22320665419101715
134,10,4,0.28135499358177185
135,10,5,0.28941231966018677
136,10,6,0.2885285019874573
137,10,7,0.2934948205947876
138,10,8,0.2963860034942627
139,10,9,0.28852003812789917
140,10,10,0.28419458866119385
141,10,11,0.2901060879230499
142,10,12,0.28531473875045776
143,11,0,0.2869948148727417
144,11,1,0.2869948148727417
145,11,2,0.2869948148727417
146,11,3,0.19181810319423676
147,11,4,0.2862769365310669
148,11,5,0.28892746567726135
149,11,6,0.29088664054870605
150,11,7,0.29332852363586426
151,11,8,0.29068589210510254
152,11,9,0.28485193848609924
153,11,10,0.2826870083808899
154,11,11,0.28966328501701355
155,11,12,0.28799280524253845
156,12,0,0.2869948148727417
157,12,1,0.2869948148727417
158,12,2,0.2869948148727417
159,12,3,0.20113500952720642
160,12,4,0.2931903600692749
161,12,5,0.28588733077049255
162,12,6,0.29311782121658325
163,12,7,0.29232504963874817
164,12,8,0.2895476520061493
165,12,9,0.2873772978782654
166,12,10,0.2841432988643646
167,12,11,0.289082407951355
168,12,12,0.2885173261165619
169,13,0,0.2869948148727417
170,13,1,0.2869948148727417
171,13,2,0.2869948148727417
172,13,3,0.18139316141605377
173,13,4,0.2831299602985382
174,13,5,0.27703580260276794
175,13,6,0.2849346697330475
176,13,7,0.29306119680404663
177,13,8,0.28624287247657776
178,13,9,0.2867298424243927
179,13,10,0.28656241297721863
180,13,11,0.29004964232444763
181,13,12,0.28989937901496887
182,14,0,0.2869948148727417
183,14,1,0.2869948148727417
184,14,2,0.2869948148727417
185,14,3,0.22975127398967743
186,14,4,0.27661648392677307
187,14,5,0.28094106912612915
188,14,6,0.2851232588291168
189,14,7,0.29584088921546936
190,14,8,0.28586339950561523
191,14,9,0.2853311598300934
192,14,10,0.2820988893508911
193,14,11,0.28829777240753174
194,14,12,0.2815839648246765
195,15,0,0.2869948148727417
196,15,1,0.2869948148727417
197,15,2,0.2869948148727417
198,15,3,0.21328383684158325
199,15,4,0.2673496901988983
200,15,5,0.2831271290779114
201,15,6,0.2848169505596161
202,15,7,0.2941783368587494
203,15,8,0.28169432282447815
204,15,9,0.28441089391708374
205,15,10,0.28382566571235657
206,15,11,0.2884020209312439
207,15,12,0.2859938442707062
208,16,0,0.2869948148727417
209,16,1,0.2869948148727417
210,16,2,0.2869948148727417
211,16,3,0.21463920176029205
212,16,4,0.2634027600288391
213,16,5,0.27932900190353394
214,16,6,0.28706037998199463
215,16,7,0.29442188143730164
216,16,8,0.2813415825366974
217,16,9,0.28591373562812805
218,16,10,0.29119017720222473
219,16,11,0.2873869240283966
220,16,12,0.28374800086021423
221,17,0,0.2869948148727417
222,17,1,0.2869948148727417
223,17,2,0.2869948148727417
224,17,3,0.2194674164056778
225,17,4,0.2582680881023407
226,17,5,0.2752712368965149
227,17,6,0.28282618522644043
228,17,7,0.2909005880355835
229,17,8,0.2803885042667389
230,17,9,0.29040753841400146
231,17,10,0.2942073345184326
232,17,11,0.2873203456401825
233,17,12,0.2864283323287964
234,18,0,0.2869948148727417
235,18,1,0.2869948148727417
236,18,2,0.2869948148727417
237,18,3,0.21486100554466248
238,18,4,0.25565338134765625
239,18,5,0.27762627601623535
240,18,6,0.2838876247406006
241,18,7,0.29549041390419006
242,18,8,0.2820018529891968
243,18,9,0.29172539710998535
244,18,10,0.29610222578048706
245,18,11,0.28816983103752136
246,18,12,0.29075926542282104
247,19,0,0.2869948148727417
248,19,1,0.2869948148727417
249,19,2,0.2869948148727417
250,19,3,0.23427128791809082
251,19,4,0.25253933668136597
252,19,5,0.28005674481391907
253,19,6,0.2812018394470215
254,19,7,0.3048510253429413
255,19,8,0.2858177423477173
256,19,9,0.2903149425983429
257,19,10,0.29586276412010193
258,19,11,0.2888256013393402
259,19,12,0.2888309955596924
260,20,0,0.2869948148727417
261,20,1,0.2869948148727417
262,20,2,0.2869948148727417
263,20,3,0.24968288838863373
264,20,4,0.272500216960907
265,20,5,0.28278517723083496
266,20,6,0.2902590036392212
267,20,7,0.3017009198665619
268,20,8,0.2875918447971344
269,20,9,0.2896757125854492
270,20,10,0.2953636050224304
271,20,11,0.28765931725502014
272,20,12,0.290290892124176
273,21,0,0.2869948148727417
274,21,1,0.2869948148727417
275,21,2,0.2869948148727417
276,21,3,0.2447519600391388
277,21,4,0.2645629048347473
278,21,5,0.2834959924221039
279,21,6,0.29316553473472595
280,21,7,0.2933763265609741
281,21,8,0.29153957962989807
282,21,9,0.29125741124153137
283,21,10,0.2953203022480011
284,21,11,0.2884615659713745
285,21,12,0.2777840793132782
286,22,0,0.2869948148727417
287,22,1,0.2869948148727417
288,22,2,0.2869948148727417
289,22,3,0.2600577473640442
290,22,4,0.25696074962615967
291,22,5,0.28823453187942505
292,22,6,0.2895353138446808
293,22,7,0.2986530661582947
294,22,8,0.293557345867157
295,22,9,0.2899959087371826
296,22,10,0.29208138585090637
297,22,11,0.28833067417144775
298,22,12,0.2817894518375397
299,23,0,0.2869948148727417
300,23,1,0.2869948148727417
301,23,2,0.2869948148727417
302,23,3,0.2683591842651367
303,23,4,0.2496339976787567
304,23,5,0.2951667904853821
305,23,6,0.29048776626586914
306,23,7,0.2999022901058197
307,23,8,0.29608964920043945
308,23,9,0.2885666787624359
309,23,10,0.29447615146636963
310,23,11,0.2871271073818207
311,23,12,0.2873566746711731
312,24,0,0.2869948148727417
313,24,1,0.2869948148727417
314,24,2,0.2869948148727417
315,24,3,0.2677256762981415
316,24,4,0.26093167066574097
317,24,5,0.29523614048957825
318,24,6,0.29390376806259155
319,24,7,0.2976357340812683
320,24,8,0.2978379726409912
321,24,9,0.29198771715164185
322,24,10,0.2931133806705475
323,24,11,0.2868393361568451
324,24,12,0.28773197531700134
325,25,0,0.2869948148727417
326,25,1,0.2869948148727417
327,25,2,0.2869948148727417
328,25,3,0.2635834515094757
329,25,4,0.26544809341430664
330,25,5,0.29238060116767883
331,25,6,0.2872023284435272
332,25,7,0.29783251881599426
333,25,8,0.2983393967151642
334,25,9,0.28949517011642456
335,25,10,0.2950156331062317
336,25,11,0.2865618169307709
337,25,12,0.2856534719467163
338,26,0,0.2869948148727417
339,26,1,0.2869948148727417
340,26,2,0.2869948148727417
341,26,3,0.2520856559276581
342,26,4,0.27484193444252014
343,26,5,0.290986567735672
344,26,6,0.28393110632896423
345,26,7,0.2896246016025543
346,26,8,0.29425546526908875
347,26,9,0.28998640179634094
348,26,10,0.29174143075942993
349,26,11,0.286960244178772
350,26,12,0.29673531651496887
351,27,0,0.2869948148727417
352,27,1,0.2869948148727417
353,27,2,0.2869948148727417
354,27,3,0.25325873494148254
355,27,4,0.27952301502227783
356,27,5,0.2901136577129364
357,27,6,0.28302887082099915
358,27,7,0.28887197375297546
359,27,8,0.2947981357574463
360,27,9,0.2882686257362366
361,27,10,0.2907944619655609
362,27,11,0.28651195764541626
363,27,12,0.304407000541687
364,28,0,0.2869948148727417
365,28,1,0.2869948148727417
366,28,2,0.2869948148727417
367,28,3,0.2562324106693268
368,28,4,0.2780910134315491
369,28,5,0.28611934185028076
370,28,6,0.2801929712295532
371,28,7,0.2870822548866272
372,28,8,0.2941044270992279
373,28,9,0.28764107823371887
374,28,10,0.29189276695251465
375,28,11,0.28609564900398254
376,28,12,0.29927417635917664
377,29,0,0.2869948148727417
378,29,1,0.2869948148727417
379,29,2,0.2869948148727417
380,29,3,0.25172314047813416
381,29,4,0.2797238826751709
382,29,5,0.2884139120578766
383,29,6,0.2831306457519531
384,29,7,0.2859373092651367
385,29,8,0.2914278507232666
386,29,9,0.28810635209083557
387,29,10,0.2910494804382324
388,29,11,0.2864169478416443
389,29,12,0.291293740272522
390,30,0,0.2869948148727417
391,30,1,0.2869948148727417
392,30,2,0.2869948148727417
393,30,3,0.25089216232299805
394,30,4,0.28088006377220154
395,30,5,0.28897497057914734
396,30,6,0.28368890285491943
397,30,7,0.28623852133750916
398,30,8,0.2913597524166107
399,30,9,0.2863588333129883
400,30,10,0.29044610261917114
401,30,11,0.2867291569709778
402,30,12,0.2728241980075836
403,31,0,0.2869948148727417
404,31,1,0.2869948148727417
405,31,2,0.2869948148727417
406,31,3,0.2697250247001648
407,31,4,0.287256121635437
408,31,5,0.2883111238479614
409,31,6,0.2832167148590088
410,31,7,0.2855452299118042
411,31,8,0.29231417179107666
412,31,9,0.2866242527961731
413,31,10,0.2895643711090088
414,31,11,0.28688234090805054
415,31,12,0.26470792293548584
416,32,0,0.2869948148727417
417,32,1,0.2869948148727417
418,32,2,0.2869948148727417
419,32,3,0.2707516551017761
420,32,4,0.2875700891017914
421,32,5,0.2891479432582855
422,32,6,0.2855038344860077
423,32,7,0.28601402044296265
424,32,8,0.29345011711120605
425,32,9,0.28620657324790955
426,32,10,0.2888156771659851
427,32,11,0.28689053654670715
428,32,12,0.26153019070625305
429,33,0,0.2869948148727417
430,33,1,0.2869948148727417
431,33,2,0.2869948148727417
432,33,3,0.26902443170547485
433,33,4,0.287264347076416
434,33,5,0.28979960083961487
435,33,6,0.28714752197265625
436,33,7,0.2855755388736725
437,33,8,0.2957437336444855
438,33,9,0.28626540303230286
439,33,10,0.2883484661579132
440,33,11,0.2872016727924347
441,33,12,0.2451745718717575
442,34,0,0.2869948148727417
443,34,1,0.2869948148727417
444,34,2,0.2869948148727417
445,34,3,0.2764851450920105
446,34,4,0.28557679057121277
447,34,5,0.29016178846359253
448,34,6,0.2872180938720703
449,34,7,0.28586652874946594
450,34,8,0.2937364876270294
451,34,9,0.28651678562164307
452,34,10,0.28990280628204346
453,34,11,0.287319540977478
454,34,12,0.24734047055244446
455,35,0,0.2869948148727417
456,35,1,0.2869948148727417
457,35,2,0.2869948148727417
458,35,3,0.2735922336578369
459,35,4,0.28631818294525146
460,35,5,0.2895338237285614
461,35,6,0.2868419289588928
462,35,7,0.2857491374015808
463,35,8,0.2930922210216522
464,35,9,0.2875675559043884
465,35,10,0.28914254903793335
466,35,11,0.2870415449142456
467,35,12,0.254895955324173
468,36,0,0.2869948148727417
469,36,1,0.2869948148727417
470,36,2,0.2869948148727417
471,36,3,0.27428269386291504
472,36,4,0.2870424687862396
473,36,5,0.2900253236293793
474,36,6,0.2867913246154785
475,36,7,0.2861555516719818
476,36,8,0.2918144464492798
477,36,9,0.2868347465991974
478,36,10,0.2886694669723511
479,36,11,0.2872738242149353
480,36,12,0.25555822253227234
481,37,0,0.2869948148727417
482,37,1,0.2869948148727417
483,37,2,0.2869948148727417
484,37,3,0.27887824177742004
485,37,4,0.2862171530723572
486,37,5,0.2899905741214752
487,37,6,0.2864067554473877
488,37,7,0.28612789511680603
489,37,8,0.2907389998435974
490,37,9,0.28714585304260254
491,37,10,0.2887735068798065
492,37,11,0.28743240237236023
493,37,12,0.24978287518024445
494,38,0,0.2869948148727417
495,38,1,0.2869948148727417
496,38,2,0.2869948148727417
497,38,3,0.2740958034992218
498,38,4,0.2858316898345947
499,38,5,0.29035863280296326
500,38,6,0.28640273213386536
501,38,7,0.28634586930274963
502,38,8,0.2918606400489807
503,38,9,0.2875744700431824
504,38,10,0.2888651192188263
505,38,11,0.287325918674469
506,38,12,0.24247901141643524
507,39,0,0.2869948148727417
508,39,1,0.2869948148727417
509,39,2,0.2869948148727417
510,39,3,0.27975231409072876
511,39,4,0.2856236696243286
512,39,5,0.2909117043018341
513,39,6,0.28693413734436035
514,39,7,0.2866712212562561
515,39,8,0.29119595885276794
516,39,9,0.2882562577724457
517,39,10,0.288356214761734
518,39,11,0.28707876801490784
519,39,12,0.2539929449558258
520,40,0,0.2869948148727417
521,40,1,0.2869948148727417
522,40,2,0.2869948148727417
523,40,3,0.29140356183052063
524,40,4,0.2862215042114258
525,40,5,0.29059290885925293
526,40,6,0.28667277097702026
527,40,7,0.2871963679790497
528,40,8,0.2913345396518707
529,40,9,0.28809723258018494
530,40,10,0.288144052028656
531,40,11,0.28717976808547974
532,40,12,0.2613354027271271
533,41,0,0.2869948148727417
534,41,1,0.2869948148727417
535,41,2,0.2869948148727417
536,41,3,0.29245877265930176
537,41,4,0.28610092401504517
538,41,5,0.290376216173172
539,41,6,0.28680235147476196
540,41,7,0.287092924118042
541,41,8,0.2912483811378479
542,41,9,0.28796082735061646
543,41,10,0.2885701358318329
544,41,11,0.2872757315635681
545,41,12,0.2551068663597107
546,42,0,0.2869948148727417
547,42,1,0.2869948148727417
548,42,2,0.2869948148727417
549,42,3,0.28902900218963623
550,42,4,0.28671959042549133
551,42,5,0.2900141775608063
552,42,6,0.2868284285068512
553,42,7,0.2874755561351776
554,42,8,0.2897912859916687
555,42,9,0.28787195682525635
556,42,10,0.2880791425704956
557,42,11,0.28739216923713684
558,42,12,0.2504212558269501
559,43,0,0.2869948148727417
560,43,1,0.2869948148727417
561,43,2,0.2869948148727417
562,43,3,0.28793075680732727
563,43,4,0.2866099178791046
564,43,5,0.2892434000968933
565,43,6,0.28692036867141724
566,43,7,0.28772181272506714
567,43,8,0.2893909215927124
568,43,9,0.2877189815044403
569,43,10,0.2882719933986664
570,43,11,0.2873484492301941
571,43,12,0.25156378746032715
572,44,0,0.2869948148727417
573,44,1,0.2869948148727417
574,44,2,0.2869948148727417
575,44,3,0.28540411591529846
576,44,4,0.28680628538131714
577,44,5,0.2887333929538727
578,44,6,0.2867065370082855
579,44,7,0.2877759337425232
580,44,8,0.2893087863922119
581,44,9,0.2876558005809784
582,44,10,0.28782397508621216
583,44,11,0.2874036431312561
584,44,12,0.24318021535873413
585,45,0,0.2869948148727417
586,45,1,0.2869948148727417
587,45,2,0.2869948148727417
588,45,3,0.2899062931537628
589,45,4,0.2872745096683502
590,45,5,0.2880255877971649
591,45,6,0.2867788076400757
592,45,7,0.2876531183719635
593,45,8,0.28873154520988464
594,45,9,0.2876017689704895
595,45,10,0.28767433762550354
596,45,11,0.28743603825569153
597,45,12,0.23200193047523499
598,46,0,0.2869948148727417
599,46,1,0.2869948148727417
600,46,2,0.2869948148727417
601,46,3,0.28761959075927734
602,46,4,0.28706255555152893
603,46,5,0.2870907485485077
604,46,6,0.2867974638938904
605,46,7,0.28770768642425537
606,46,8,0.28864040970802307
607,46,9,0.2876585125923157
608,46,10,0.28718191385269165
609,46,11,0.2872503995895386
610,46,12,0.22960318624973297
611,47,0,0.2869948148727417
612,47,1,0.2869948148727417
613,47,2,0.2869948148727417
614,47,3,0.2843388020992279
615,47,4,0.28682437539100647
616,47,5,0.28668487071990967
617,47,6,0.2868879735469818
618,47,7,0.28776928782463074
619,47,8,0.2876143455505371
620,47,9,0.2874501347541809
621,47,10,0.28737080097198486
622,47,11,0.28717249631881714
623,47,12,0.23929186165332794
